{"Display":[{"ComponentID":152,"ComponentKey":"142529188","Settings":[{"ID":14,"Name":"Display Color Enhancement","Value":0},{"ID":15,"Name":"Color Deficiency Correction","Value":0},{"ID":16,"Name":"Protanopia","Value":10},{"ID":18,"Name":"Tritanopia","Value":0},{"ID":17,"Name":"Deuteranopia","Value":0}]},{"ComponentID":152,"ComponentKey":"3264153513","Settings":[{"ID":14,"Name":"Display Color Enhancement","Value":0},{"ID":15,"Name":"Color Deficiency Correction","Value":0},{"ID":16,"Name":"Protanopia","Value":10},{"ID":18,"Name":"Tritanopia","Value":0},{"ID":17,"Name":"Deuteranopia","Value":0}]},{"ComponentID":44,"ComponentKey":"142529188","Settings":[]},{"ComponentID":44,"ComponentKey":"3264153513","Settings":[]},{"ComponentID":31,"ComponentKey":"142529188","Settings":[{"Name":"Virtual Super Resolution","Value":0}]},{"ComponentID":31,"ComponentKey":"3264153513","Settings":[{"Name":"Virtual Super Resolution","Value":0}]},{"ComponentID":33,"ComponentKey":"142529188","Settings":[{"ID":10,"Name":"AMD FreeSync","Value":0}]},{"ComponentID":35,"ComponentKey":"142529188","Settings":[{"ID":9,"Name":"GPU Scaling","Value":0},{"ID":11,"Name":"Scaling Mode","Value":1}]},{"ComponentID":35,"ComponentKey":"3264153513","Settings":[{"ID":9,"Name":"GPU Scaling","Value":0},{"ID":11,"Name":"Scaling Mode","Value":1}]},{"ComponentID":46,"ComponentKey":"142529188","Settings":[{"ID":1,"Name":"Pixel Format","Value":"RGB 4:4:4 Pixel Format PC Standard (Full RGB)"},{"ID":0,"Name":"Color Depth","Value":"8 bpc"}]},{"ComponentID":46,"ComponentKey":"3264153513","Settings":[{"ID":1,"Name":"Pixel Format","Value":"RGB 4:4:4 Pixel Format PC Standard (Full RGB)"},{"ID":0,"Name":"Color Depth","Value":"8 bpc"}]},{"ComponentID":69,"ComponentKey":"142529188","Settings":[{"ID":8,"Name":"HDCP Support","Value":1}]},{"ComponentID":69,"ComponentKey":"3264153513","Settings":[{"ID":8,"Name":"HDCP Support","Value":1}]},{"ComponentID":49,"ComponentKey":"142529188","Settings":[{"ID":6,"Name":"Adjust PreEmphasis","Value":0},{"ID":7,"Name":"Adjust Voltage Swing","Value":0}]},{"ComponentID":49,"ComponentKey":"3264153513","Settings":[{"ID":6,"Name":"Adjust PreEmphasis","Value":0},{"ID":7,"Name":"Adjust Voltage Swing","Value":0}]},{"ComponentID":60,"ComponentKey":"142529188","Settings":[{"ID":0,"Name":"Hue","Value":0},{"ID":1,"Name":"Saturation","Value":100},{"ID":2,"Name":"Brightness","Value":0},{"ID":3,"Name":"Contrast","Value":100},{"ID":4,"Name":"Color Temperature","State":1,"Value":6500}]},{"ComponentID":60,"ComponentKey":"3264153513","Settings":[{"ID":0,"Name":"Hue","Value":0},{"ID":1,"Name":"Saturation","Value":100},{"ID":2,"Name":"Brightness","Value":0},{"ID":3,"Name":"Contrast","Value":100},{"ID":4,"Name":"Color Temperature","State":1,"Value":6500}]},{"ComponentID":135,"ComponentKey":"142529188","Settings":[{"Name":"Radeon IntegerScaling","Value":0}]},{"ComponentID":135,"ComponentKey":"3264153513","Settings":[{"Name":"Radeon IntegerScaling","Value":0}]}],"Driver Settings":[{"ComponentID":40,"ComponentKey":"A85E455075B6","Settings":[{"ID":0,"Name":"Preferred Software Version","Value":1},{"ID":1,"Name":"Check For Updates","State":0,"Value":""},{"ID":2,"Name":"Download Drivers & Software","State":0,"Value":""}]}],"Global Settings":[{"ComponentID":145,"ComponentKey":"731FC123131458C1017.001.000.049","Settings":[{"Name":"TenBit Pixel Format","State":0,"Value":""}]},{"ComponentID":7,"ComponentKey":"731FC123131458C1017.001.000.049","Settings":[{"Name":"MLF","Value":"0"},{"Name":"Tessellation","Value":"1"},{"Name":"TFQ","Value":"2"},{"Name":"SurfaceFormatReplacements","Value":"1"},{"Name":"AntiAlias","Value":"1"},{"Name":"ASD","Value":"0"},{"Name":"AnisoDegree","Value":"0"},{"Name":"Tessellation_OPTION","Value":"2"},{"Name":"EQAA","Value":"0"},{"Name":"EnableTripleBuffering","Value":"0"},{"Name":"AntiAliasSamples","Value":"0"},{"Name":"ASTT","Value":"0"},{"Name":"VSyncControl","Value":"0"},{"Name":"MVPU","Value":""},{"Name":"AnisoType","Value":"0"},{"Name":"TurboSync","Value":"0"},{"Name":"ShaderCache","Value":"1"},{"Name":"ASE","Value":"0"},{"ID":0,"Name":"Radeon™ Anti-Lag","Value":0},{"ID":1,"Name":"Radeon™ Chill","SubSettings":[{"Name":"Toggle","Value":"0"},{"Name":"Min FPS","Value":"75"},{"Name":"Max FPS","Value":"140"}],"Value":""},{"ID":2,"Name":"Radeon™ Boost","State":0,"Value":50},{"ID":3,"Name":"Radeon™ Image Sharpening","State":1,"Value":100},{"ID":7,"Name":"Frame rate target control","State":0,"Value":60}]}],"Preferences Settings":[{"ComponentID":57,"ComponentKey":"A85E455075B6","Settings":[{"ID":2,"Name":"System Tray Menu","State":0,"Value":""},{"ID":8,"Name":"Toast Notifications","State":0,"Value":""},{"ID":6,"Name":"Always On Top","State":0,"Value":""},{"ID":5,"Name":"Language","State":0,"Value":""},{"ID":10,"Name":"Animation & Effects","State":0,"Value":""}]}],"System Settings":[{"ComponentID":15,"ComponentKey":"A85E455075B6","Settings":[{"ID":0,"Name":"Issue Detection","State":0,"Value":""}]}],"SystemDetails":{"CNVerson":"21.40.11.03","DisplayIDs":[{"Index":4,"Key":"3264153513"},{"Index":8,"Key":"142529188"}],"DynamicPowerSlider":"FALSE","GPUIDs":[{"AutoDefault":1,"Index":2816,"Key":"731FC123131458C1017.001.000.049","OD8AdvancedControl":0,"ODNComponentControl":0}],"GUID":"A85E455075B6","View":"TRUE"},"Video Settings":[{"ComponentID":6,"ComponentKey":"731FC123131458C1017.001.000.049","Settings":[{"ID":4,"Name":"Custom Brightness","Value":0},{"ID":1,"Name":"Video Profile","Value":0}]}]}